Key;Author;Title;Date;Reference year;Notes;files;No of words;Language;Authorid;Author gender (manual);Author birth;Author death;Size;Time slot;Corpus;First edition;Digital edition;Print edition;Provenance;Titleid;Subgenre;Narrative perspective;Reprint count;Xmlid;Author age (time of writing);Posthumous;Publication statement
ENG18400;Trollope, Frances Milton;The Life and Adventures of Michael Armstrong;1840;1840;;texts/ENG18400_Trollope.xml;207300;English;https://viaf.org/viaf/34551336;female;1780;1863;long;1840-1859;ELTeC-eng;;;1840;;;;;low;ENG18400;60;false;"COST Action ""Distant Reading for European Literary History"": https://distant-reading.net, https://github.com/COST-ELTeC/ELTeC"
ENG18410;Sinclair, Catherine;Modern Flirtations: or, A Month at Harrowgate;1841;1841;;texts/ENG18410_Sinclair.xml;188876;English;https://viaf.org/viaf/37692813/;female;1800;1864;long;1840-1859;ELTeC-eng;1841;;;;;;;low;ENG18410;41;false;"COST Action ""Distant Reading for European Literary History"": https://distant-reading.net, https://github.com/COST-ELTeC/ELTeC"
ENG18411;Tupper, Martin Farquhar;The Twins: A Domestic Novel;1844;1844;;texts/ENG18411_Tupper.xml;34573;English;https://viaf.org/viaf/44385259/;male;1810;1889;short;1840-1859;ELTeC-eng;1844;;;;;;;low;ENG18411;34;false;"COST Action ""Distant Reading for European Literary History"": https://distant-reading.net, https://github.com/COST-ELTeC/ELTeC"
ENG18440;Disraeli, Benjamin;Coningsby: or, The New Generation;1844;1844;;texts/ENG18440_Disraeli.xml;159046;English;https://viaf.org/viaf/49233448/;male;1804;1881;long;1840-1859;ELTeC-eng;1844;2000;;Chadwyck-Healey Ltd (A Bell & Howell Information and Learning company);;;;low;ENG18440;40;false;"COST Action ""Distant Reading for European Literary History"": https://distant-reading.net, https://github.com/COST-ELTeC/ELTeC"
ENG18450;Disraeli, Benjamin;Sybil, Or the Two Nations;1845;1845;;texts/ENG18450_Disraeli.xml;158160;English;https://viaf.org/viaf/49233448/;male;1804;1881;long;1840-1859;ELTeC-eng;1845;;;;;;;low;ENG18450;41;false;"COST Action ""Distant Reading for European Literary History"": https://distant-reading.net, https://github.com/COST-ELTeC/ELTeC"
ENG18460;Reynolds, George William McArthur;The mysteries of London;1846;1846;"author not anonym based upon the tei xml; details of the author added based upon the tei xml";texts/ENG18460_Reynolds.xml;839895;English;https://viaf.org/viaf/72764995/;male;1814;1879;long;1840-1859;ELTeC-eng;1846;;;;;;;low;ENG18460;32;false;"COST Action ""Distant Reading for European Literary History"": https://distant-reading.net, https://github.com/COST-ELTeC/ELTeC"
ENG18470;Aguilar, Grace;Home Influence: A Tale for Mothers and Daughters;1847;1847;;texts/ENG18470_Aguilar.xml;171250;English;https://viaf.org/viaf/7628015/;female;1816;1847;long;1840-1859;ELTeC-eng;1847;;;;;;;low;ENG18470;31;false;"COST Action ""Distant Reading for European Literary History"": https://distant-reading.net, https://github.com/COST-ELTeC/ELTeC"
ENG18471;Brontë, Emily;Wuthering Heights;1847;1847;;texts/ENG18471_Bronte.xml;115398;English;https://viaf.org/viaf/97097302/;female;1818;1848;long;1840-1859;ELTeC-eng;1847;;;;;;;high;ENG18471;29;false;"COST Action ""Distant Reading for European Literary History"": https://distant-reading.net, https://github.com/COST-ELTeC/ELTeC"
ENG18480;Thackeray, William Makepeace;Vanity Fair: A Novel without a Hero;1848;1848;;texts/ENG18480_Thackeray.xml;298740;English;https://viaf.org/viaf/95208604/;male;1811;1863;long;1840-1859;ELTeC-eng;1848;;;New York: P.F. Collier & Son, 1917;;;;high;ENG18480;37;false;"COST Action ""Distant Reading for European Literary History"": https://distant-reading.net, https://github.com/COST-ELTeC/ELTeC"
ENG18481;Dickens, Charles;Dombey and Son;1848;1848;;texts/ENG18481_Dickens.xml;348793;English;https://viaf.org/viaf/88666393/;male;1812;1870;long;1840-1859;ELTeC-eng;1848;;;Oxford Text Archive;;;;high;ENG18481;36;false;"COST Action ""Distant Reading for European Literary History"": https://distant-reading.net, https://github.com/COST-ELTeC/ELTeC"
ENG18482;Gaskell, Elizabeth Cleghorn;Mary Barton: A Tale of Manchester Life;1848;1848;;texts/ENG18482_Gaskell.xml;161538;English;https://viaf.org/viaf/39377536/;female;1810;1865;long;1840-1859;ELTeC-eng;1848;;;;;;;high;ENG18482;38;false;"COST Action ""Distant Reading for European Literary History"": https://distant-reading.net, https://github.com/COST-ELTeC/ELTeC"
ENG18490;Skene, Felicia;The Inheritance of Evil;1849;1849;;texts/ENG18490_Skene.xml;39873;English;https://viaf.org/viaf/26018946/;female;1821;1899;short;1840-1859;ELTeC-eng;1849;;;Digital Library Program, Indiana University;;;;low;ENG18490;28;false;"COST Action ""Distant Reading for European Literary History"": https://distant-reading.net, https://github.com/COST-ELTeC/ELTeC"
ENG18500;Ainsworth, William Harrison;Auriol, or The elixir of life;1850;1850;;texts/ENG18500_Ainsworth.xml;46373;English;https://viaf.org/viaf/46894596/;male;1805;1882;short;1840-1859;ELTeC-eng;1850;2015-12-11;;eBooks@Adelaide;;;;low;ENG18500;45;false;"COST Action ""Distant Reading for European Literary History"": https://distant-reading.net, https://github.com/COST-ELTeC/ELTeC"
ENG18510;Kingsley, Charles;Yeast: A Problem;1851;1851;;texts/ENG18510_Kingsley.xml;95902;English;https://viaf.org/viaf/27081838/;male;1819;1875;medium;1840-1859;ELTeC-eng;1851;2003-12-02;;;;;;low;ENG18510;32;false;"COST Action ""Distant Reading for European Literary History"": https://distant-reading.net, https://github.com/COST-ELTeC/ELTeC"
ENG18530;Dickens, Charles;Bleak House;1853;1853;;texts/ENG18530_Dickens.xml;325604;English;https://viaf.org/viaf/88666393/;male;1812;1870;long;1840-1859;ELTeC-eng;1853;;;;;;;high;ENG18530;41;false;"COST Action ""Distant Reading for European Literary History"": https://distant-reading.net, https://github.com/COST-ELTeC/ELTeC"
ENG18531;Yonge, Charlotte Mary;The Heir of Redclyffe;1853;1853;;texts/ENG18531_Yonge.xml;233764;English;https://viaf.org/viaf/71399881/;female;1823;1901;long;1840-1859;ELTeC-eng;1853;2000;;Chadwyck-Healey Ltd (A Bell & Howell Information and Learning company);;;;low;ENG18531;30;false;"COST Action ""Distant Reading for European Literary History"": https://distant-reading.net, https://github.com/COST-ELTeC/ELTeC"
ENG18540;Dickens, Charles;Hard Times: For These Times;1854;1854;;texts/ENG18540_Dickens.xml;104105;English;https://viaf.org/viaf/88666393/;male;1812;1870;long;1840-1859;ELTeC-eng;1854;;1905;;;;;high;ENG18540;42;false;"COST Action ""Distant Reading for European Literary History"": https://distant-reading.net, https://github.com/COST-ELTeC/ELTeC"
ENG18551;Trollope, Anthony;The Warden;1855;1855;;texts/ENG18551_Trollope.xml;71911;English;https://viaf.org/viaf/61683295/;male;1815;1882;medium;1840-1859;ELTeC-eng;1855;2000;;Chadwyck-Healey Ltd (A Bell & Howell Information and Learning company);;;;high;ENG18551;40;false;"COST Action ""Distant Reading for European Literary History"": https://distant-reading.net, https://github.com/COST-ELTeC/ELTeC"
ENG18552;Kavanagh, Julia;Rachel Gray;1856;1856;;texts/ENG18552_Kavanagh.xml;48639;English;https://viaf.org/viaf/89854315/;female;1824;1877;short;1840-1859;ELTeC-eng;1856;;;;;;;low;ENG18552;32;false;"COST Action ""Distant Reading for European Literary History"": https://distant-reading.net, https://github.com/COST-ELTeC/ELTeC"
ENG18560;Yonge, Charlotte Mary;The Daisy Chain;1856;1856;;texts/ENG18560_Yonge.xml;296590;English;https://viaf.org/viaf/71399881/;female;1823;1901;long;1840-1859;ELTeC-eng;1856;2000;;Chadwyck-Healey Ltd (A Bell & Howell Information and Learning company);;;;low;ENG18560;33;false;"COST Action ""Distant Reading for European Literary History"": https://distant-reading.net, https://github.com/COST-ELTeC/ELTeC"
ENG18570;Brontë, Charlotte;The Professor: A Tale;1857;1857;;texts/ENG18570_Bronte.xml;87978;English;https://viaf.org/viaf/71388025/;female;1816;1855;medium;1840-1859;ELTeC-eng;1857;;;;;;;high;ENG18570;;true;"COST Action ""Distant Reading for European Literary History"": https://distant-reading.net, https://github.com/COST-ELTeC/ELTeC"
ENG18600;Clive, Caroline Wigley;Why Paul Ferroll Killed His Wife;1860;1860;;texts/ENG18600_Clive.xml;56726;English;https://viaf.org/viaf/3337325/;female;1801;1873;medium;1860-1879;ELTeC-eng;1860;;;Digital Library Program, Indiana University;;;;low;ENG18600;59;false;"COST Action ""Distant Reading for European Literary History"": https://distant-reading.net, https://github.com/COST-ELTeC/ELTeC"
ENG18610;Eliot, George;Silas Marner: The Weaver of Raveloe;1861;1861;Eliot, George [pseud.] ;texts/ENG18610_Eliot.xml;71043;English;https://viaf.org/viaf/89000553/;female;1819;1880;medium;1860-1879;ELTeC-eng;1861;2000;;Chadwyck-Healey Ltd (A Bell & Howell Information and Learning company);;;;high;ENG18610;42;false;"COST Action ""Distant Reading for European Literary History"": https://distant-reading.net, https://github.com/COST-ELTeC/ELTeC"
ENG18621;Braddon, Mary Elizabeth;Lady Audley's Secret;1862;1862;;texts/ENG18621_Braddon.xml;148971;English;https://viaf.org/viaf/66826682/;female;1835;1915;long;1860-1879;ELTeC-eng;1862;;;;;;;high;ENG18621;27;false;"COST Action ""Distant Reading for European Literary History"": https://distant-reading.net, https://github.com/COST-ELTeC/ELTeC"
ENG18630;Craik, Dinah Maria;Mistress and Maid;1862;1862;;texts/ENG18630_Craik.xml;109497;English;https://viaf.org/viaf/46793285/;female;1826;1887;long;1860-1879;ELTeC-eng;1862;;;;;;;low;ENG18630;36;false;"COST Action ""Distant Reading for European Literary History"": https://distant-reading.net, https://github.com/COST-ELTeC/ELTeC"
ENG18632;Reade, Charles;Hard Cash. A matter of fact romance;1863;1863;;texts/ENG18632_Reade.xml;259251;English;https://viaf.org/viaf/44314913/;male;1814;1884;long;1860-1879;ELTeC-eng;1863;;1895;;;;;low;ENG18632;49;false;"COST Action ""Distant Reading for European Literary History"": https://distant-reading.net, https://github.com/COST-ELTeC/ELTeC"
ENG18640;Blackmore, Richard Doddridge;Clara Vaughan;1864;1864;;texts/ENG18640_Blackmore.xml;195823;English;https://viaf.org/viaf/59105182/;male;1825;1900;long;1860-1879;ELTeC-eng;1864;;;;;;;low;ENG18640;39;false;"COST Action ""Distant Reading for European Literary History"": https://distant-reading.net, https://github.com/COST-ELTeC/ELTeC"
ENG18641;Stretton, Hesba;Fern's Hollow;1864;1864;"author not anonym based upon the tei xml; details of the author added based upon the tei xml ;pseudonym: Sara Smith";texts/ENG18641_Stretton.xml;44735;English;https://viaf.org/viaf/29892399/;female;1832;1911;short;1860-1879;ELTeC-eng;1864;;;;;;;low;ENG18641;32;false;"COST Action ""Distant Reading for European Literary History"": https://distant-reading.net, https://github.com/COST-ELTeC/ELTeC"
ENG18650;Trollope, Anthony;Can You Forgive Her?;1865;1865;;texts/ENG18650_Trollope.xml;305740;English;https://viaf.org/viaf/61683295/;male;1815;1882;long;1860-1879;ELTeC-eng;1865;2011-11-19;;;;;;high;ENG18650;50;false;"COST Action ""Distant Reading for European Literary History"": https://distant-reading.net, https://github.com/COST-ELTeC/ELTeC"
ENG18651;Yonge, Charlotte Mary;The Clever Woman of the Family;1865;1865;;texts/ENG18651_Yonge.xml;181915;English;https://viaf.org/viaf/71399881/;female;1823;1901;long;1860-1879;ELTeC-eng;1865;;;;;;;low;ENG18651;42;false;"COST Action ""Distant Reading for European Literary History"": https://distant-reading.net, https://github.com/COST-ELTeC/ELTeC"
ENG18652;Carroll, Lewis;Alice's Adventures in Wonderland;1865;1865;Carroll, Lewis [pseud.] ;texts/ENG18652_Carroll.xml;26391;English;https://viaf.org/viaf/66462036/;male;1832;1898;short;1860-1879;ELTeC-eng;1865;;1869;;;;;high;ENG18652;33;false;"COST Action ""Distant Reading for European Literary History"": https://distant-reading.net, https://github.com/COST-ELTeC/ELTeC"
ENG18660;Eliot, George;Felix Holt, the Radical;1866;1866;Eliot, George [pseud.] ;texts/ENG18660_Eliot.xml;181371;English;https://viaf.org/viaf/89000553/;female;1819;1880;long;1860-1879;ELTeC-eng;1866;2000;;Chadwyck-Healey Ltd (A Bell & Howell Information and Learning company);;;;high;ENG18660;47;false;"COST Action ""Distant Reading for European Literary History"": https://distant-reading.net, https://github.com/COST-ELTeC/ELTeC"
ENG18661;Oliphant, Margaret;Miss Marjoribanks;1866;1866;;texts/ENG18661_Oliphant.xml;207241;English;https://viaf.org/viaf/49256072/;female;1828;1897;long;1860-1879;ELTeC-eng;1866;;1969;;;;;low;ENG18661;38;false;"COST Action ""Distant Reading for European Literary History"": https://distant-reading.net, https://github.com/COST-ELTeC/ELTeC"
ENG18670;Ouida;Under Two Flags: A Story of the Household and the Desert;1867;1867;Ouida, [pseud.] ;texts/ENG18670_Ouida.xml;246466;English;https://viaf.org/viaf/34490941/;female;1839;1908;long;1860-1879;ELTeC-eng;1867;2000;;Chadwyck-Healey Ltd (A Bell & Howell Information and Learning company);;;;high;ENG18670;28;false;"COST Action ""Distant Reading for European Literary History"": https://distant-reading.net, https://github.com/COST-ELTeC/ELTeC"
ENG18700;Oliphant, Laurence;Piccadilly;1870;1870;;texts/ENG18700_Oliphant.xml;70524;English;https://viaf.org/viaf/17265739/;male;1829;1888;medium;1860-1879;ELTeC-eng;1870;;;;;;;low;ENG18700;41;false;"COST Action ""Distant Reading for European Literary History"": https://distant-reading.net, https://github.com/COST-ELTeC/ELTeC"
ENG18702;Jenkins, John Edward;Ginx's Baby: His Birth and Other Misfortunes;1871;1871;;texts/ENG18702_Jenkins.xml;31902;English;https://viaf.org/viaf/24837293/;male;1838;1910;short;1860-1879;ELTeC-eng;1871;;;;;;;low;ENG18702;33;false;"COST Action ""Distant Reading for European Literary History"": https://distant-reading.net, https://github.com/COST-ELTeC/ELTeC"
ENG18720;Linton, Elizabeth Lynn;The True History of Joshua Davidson;1872;1872;;texts/ENG18720_Lynn.xml;38286;English;https://viaf.org/viaf/7521381/;female;1822;1898;short;1860-1879;ELTeC-eng;1872;;1873;Digital Library Program, Indiana University;;;;low;ENG18720;50;false;"COST Action ""Distant Reading for European Literary History"": https://distant-reading.net, https://github.com/COST-ELTeC/ELTeC"
ENG18721;Eliot, George;Middlemarch;1872;1872;Eliot, George [pseud.] ;texts/ENG18721_Eliot.xml;316163;English;https://viaf.org/viaf/89000553/;female;1819;1880;long;1860-1879;ELTeC-eng;1872;;;;;;;high;ENG18721;53;false;"COST Action ""Distant Reading for European Literary History"": https://distant-reading.net, https://github.com/COST-ELTeC/ELTeC"
ENG18740;Ouida;Two Little Wooden Shoes: A Sketch;1874;1874;Ouida, [pseud.] ;texts/ENG18740_Ouida.xml;54444;English;https://viaf.org/viaf/34490941/;female;1839;1908;medium;1860-1879;ELTeC-eng;1874;;;;;;;low;ENG18740;35;false;"COST Action ""Distant Reading for European Literary History"": https://distant-reading.net, https://github.com/COST-ELTeC/ELTeC"
ENG18741;Lytton, Edward Bulwer;The Parisians;1874;1874;;texts/ENG18741_Bulwer.xml;252553;English;https://viaf.org/viaf/99871326/;male;1803;1873;long;1860-1879;ELTeC-eng;1874;;;;;;;low;ENG18741;;true;"COST Action ""Distant Reading for European Literary History"": https://distant-reading.net, https://github.com/COST-ELTeC/ELTeC"
ENG18742;Trollope, Anthony;Harry Heathcote of Gangoil;1874;1874;;texts/ENG18742_Trollope.xml;40527;English;https://viaf.org/viaf/61683295/;male;1815;1882;short;1860-1879;ELTeC-eng;1874;;;;;;;low;ENG18742;59;false;"COST Action ""Distant Reading for European Literary History"": https://distant-reading.net, https://github.com/COST-ELTeC/ELTeC"
ENG18760;Collins, Wilkie;The Two Destinies: A Romance;1876;1876;;texts/ENG18760_Collins.xml;88959;English;https://viaf.org/viaf/95173526/;male;1824;1889;medium;1860-1879;ELTeC-eng;1876;;;;;;;low;ENG18760;52;false;"COST Action ""Distant Reading for European Literary History"": https://distant-reading.net, https://github.com/COST-ELTeC/ELTeC"
ENG18770;Mallock, William Hurrell;The New Republic;1877;1877;;texts/ENG18770_Mallock.xml;77630;English;https://viaf.org/viaf/7455306/;male;1849;1923;medium;1860-1879;ELTeC-eng;1877;;;;;;;low;ENG18770;28;false;"COST Action ""Distant Reading for European Literary History"": https://distant-reading.net, https://github.com/COST-ELTeC/ELTeC"
ENG18800;Disraeli, Benjamin;Endymion;1880;1880;;texts/ENG18800_Disraeli.xml;171240;English;https://viaf.org/viaf/49233448/;male;1804;1881;long;1880-1899;ELTeC-eng;1880;;;;;;;low;ENG18800;76;false;"COST Action ""Distant Reading for European Literary History"": https://distant-reading.net, https://github.com/COST-ELTeC/ELTeC"
ENG18820;Anstey, F.;Vice Versa: or, A Lesson to Fathers;1882;1882;Anstey, F. [pseud.] ;texts/ENG18820_Anstey.xml;93483;English;https://viaf.org/viaf/69063398/;male;1856;1934;medium;1880-1899;ELTeC-eng;1882;;;;;;;high;ENG18820;26;false;"COST Action ""Distant Reading for European Literary History"": https://distant-reading.net, https://github.com/COST-ELTeC/ELTeC"
ENG18830;Broughton, Rhoda;Belinda: A Novel;1883;1883;;texts/ENG18830_Broughton.xml;138769;English;https://viaf.org/viaf/45106836/;female;1840;1920;long;1880-1899;ELTeC-eng;1883;2000;1884;Chadwyck-Healey Ltd (A Bell & Howell Information and Learning company);;;;low;ENG18830;43;false;"COST Action ""Distant Reading for European Literary History"": https://distant-reading.net, https://github.com/COST-ELTeC/ELTeC"
ENG18831;Ouida;Folle-Farine;1883;1883;Ouida, [pseud.] ;texts/ENG18831_Ouida.xml;190954;English;https://viaf.org/viaf/34490941/;female;1839;1908;long;1880-1899;ELTeC-eng;1883;;;Digital Library Program, Indiana University;;;;low;ENG18831;44;false;"COST Action ""Distant Reading for European Literary History"": https://distant-reading.net, https://github.com/COST-ELTeC/ELTeC"
ENG18840;Lee, Vernon;Miss Brown;1884;1884;;texts/ENG18840_Lee.xml;151035;English;https://viaf.org/viaf/68945580/;female;1856;1935;long;1880-1899;ELTeC-eng;1884;;;Digital Library Program, Indiana University;;;;low;ENG18840;28;false;"COST Action ""Distant Reading for European Literary History"": https://distant-reading.net, https://github.com/COST-ELTeC/ELTeC"
ENG18850;White, William Hale;Mark Rutherford's Deliverance;1885;1885;;texts/ENG18850_Rutherford.xml;38448;English;https://viaf.org/viaf/79398669/;male;1831;1913;short;1880-1899;ELTeC-eng;1885;;1913;;;;;high;ENG18850;54;false;"COST Action ""Distant Reading for European Literary History"": https://distant-reading.net, https://github.com/COST-ELTeC/ELTeC"
ENG18860;Hardy, Thomas;The Mayor of Casterbridge: The Life and Death of a Man of Character;1886;1886;;texts/ENG18860_Hardy.xml;117516;English;https://viaf.org/viaf/54148778/;male;1840;1928;long;1880-1899;ELTeC-eng;1886;;;;;;;high;ENG18860;46;false;"COST Action ""Distant Reading for European Literary History"": https://distant-reading.net, https://github.com/COST-ELTeC/ELTeC"
ENG18870;Barry, William Francis;The New Antigone: A Romance;1887;1887;;texts/ENG18870_Barry.xml;217210;English;https://viaf.org/viaf/38159288/;male;1849;1930;long;1880-1899;ELTeC-eng;1887;2000;;Chadwyck-Healey Ltd (A Bell & Howell Information and Learning company);;;;low;ENG18870;38;false;"COST Action ""Distant Reading for European Literary History"": https://distant-reading.net, https://github.com/COST-ELTeC/ELTeC"
ENG18871;Broughton, Rhoda;Red as a rose is she;1887;1887;;texts/ENG18871_Broughton.xml;136391;English;https://viaf.org/viaf/45106836/;female;1840;1920;long;1880-1899;ELTeC-eng;1887;;;Digital Library Program, Indiana University;;;;low;ENG18871;47;false;"COST Action ""Distant Reading for European Literary History"": https://distant-reading.net, https://github.com/COST-ELTeC/ELTeC"
ENG18872;Lyall, Edna;The Autobiography of a Slander;1887;1887;Lyall, Edna [pseud.] ;texts/ENG18872_Lyall.xml;14002;English;https://viaf.org/viaf/5734093/;female;1857;1903;short;1880-1899;ELTeC-eng;1887;;1889;;;;;low;ENG18872;30;false;"COST Action ""Distant Reading for European Literary History"": https://distant-reading.net, https://github.com/COST-ELTeC/ELTeC"
ENG18880;Ward, Humphry;Robert Elsmere;1888;1888;;texts/ENG18880_Ward.xml;284920;English;https://viaf.org/viaf/27084321/;female;1851;1920;long;1880-1899;ELTeC-eng;1888;;;;;;;low;ENG18880;37;false;"COST Action ""Distant Reading for European Literary History"": https://distant-reading.net, https://github.com/COST-ELTeC/ELTeC"
ENG18890;Nesbit, Edith;The Prophet's Mantle;1889;1889;;texts/ENG18890_Nesbit.xml;97965;English;https://viaf.org/viaf/7394811/;female;1858;1924;medium;1880-1899;ELTeC-eng;1889;;;;;;;low;ENG18890;31;false;"COST Action ""Distant Reading for European Literary History"": https://distant-reading.net, https://github.com/COST-ELTeC/ELTeC"
ENG18900;Doyle, Arthur Conan;The Sign of Four;1890;1890;;texts/ENG18900_Doyle.xml;43111;English;https://viaf.org/viaf/65283845/;male;1859;1930;short;1880-1899;ELTeC-eng;1890;2000;;Chadwyck-Healey Ltd (A Bell & Howell Information and Learning company);;;;high;ENG18900;31;false;"COST Action ""Distant Reading for European Literary History"": https://distant-reading.net, https://github.com/COST-ELTeC/ELTeC"
ENG18901;Broughton, Rhoda;Alas! A Novel;1890;1890;;texts/ENG18901_Broughton.xml;149508;English;https://viaf.org/viaf/45106836/;female;1840;1920;long;1880-1899;ELTeC-eng;1890;;;;;;;low;ENG18901;50;false;"COST Action ""Distant Reading for European Literary History"": https://distant-reading.net, https://github.com/COST-ELTeC/ELTeC"
ENG18910;Yeats, William Butler;John Sherman and Dhoya;1891;1891;;texts/ENG18910_Yeats.xml;24676;English;https://viaf.org/viaf/46768718/;male;1865;1939;short;1880-1899;ELTeC-eng;1891;;1891;;;;;low;ENG18910;26;false;"COST Action ""Distant Reading for European Literary History"": https://distant-reading.net, https://github.com/COST-ELTeC/ELTeC"
ENG18911;Gissing, George;New Grub Street: A Novel;1891;1891;;texts/ENG18911_Gissing.xml;187538;English;https://viaf.org/viaf/59083174/;male;1857;1903;long;1880-1899;ELTeC-eng;1891;2000;;Chadwyck-Healey Ltd (A Bell & Howell Information and Learning company);;;;high;ENG18911;34;false;"COST Action ""Distant Reading for European Literary History"": https://distant-reading.net, https://github.com/COST-ELTeC/ELTeC"
ENG18920;Grossmith, George;The diary of a nobody;1892;1892;;texts/ENG18920_Grossmith.xml;42280;English;https://viaf.org/viaf/64144601/;male;1847;1912;short;1880-1899;ELTeC-eng;1892;;;;;;;high;ENG18920;45;false;"COST Action ""Distant Reading for European Literary History"": https://distant-reading.net, https://github.com/COST-ELTeC/ELTeC"
ENG18930;Benson, Edward Frederic;Dodo: A Detail of the Day;1893;1893;;texts/ENG18930_Benson.xml;82117;English;https://viaf.org/viaf/49221488/;male;1867;1940;medium;1880-1899;ELTeC-eng;1893;;;;;;;low;ENG18930;26;false;"COST Action ""Distant Reading for European Literary History"": https://distant-reading.net, https://github.com/COST-ELTeC/ELTeC"
ENG18931;Harraden, Beatrice;Ships that Pass in the Night;1893;1893;;texts/ENG18931_Harraden.xml;37485;English;https://viaf.org/viaf/10209589/;female;1864;1936;short;1880-1899;ELTeC-eng;1893;;;;;;;low;ENG18931;29;false;"COST Action ""Distant Reading for European Literary History"": https://distant-reading.net, https://github.com/COST-ELTeC/ELTeC"
ENG18940;Dixon, Ella Hepworth;The Story of a Modern Woman;1894;1894;;texts/ENG18940_Dixon.xml;56152;English;https://viaf.org/viaf/14904505/;female;1857;1932;medium;1880-1899;ELTeC-eng;1894;;1894;Digital Library Program, Indiana University;;;;low;ENG18940;37;false;"COST Action ""Distant Reading for European Literary History"": https://distant-reading.net, https://github.com/COST-ELTeC/ELTeC"
ENG18941;Caird, Mona;The Daughters of Danaus;1894;1894;;texts/ENG18941_Caird.xml;154953;English;https://viaf.org/viaf/24650758/;female;1854;1932;long;1880-1899;ELTeC-eng;1894;;;Digital Library Program, Indiana University;;;;low;ENG18941;40;false;"COST Action ""Distant Reading for European Literary History"": https://distant-reading.net, https://github.com/COST-ELTeC/ELTeC"
ENG18950;Cross, Victoria;The Woman Who Didn't;1895;1895;;texts/ENG18950_Cross.xml;23315;English;https://viaf.org/viaf/67411362/;female;1868;1952;short;1880-1899;ELTeC-eng;1895;;;Digital Library Program, Indiana University;;;;low;ENG18950;27;false;"COST Action ""Distant Reading for European Literary History"": https://distant-reading.net, https://github.com/COST-ELTeC/ELTeC"
ENG18951;Ward, Humphry;The Story of Bessie Costrell;1895;1895;;texts/ENG18951_Ward.xml;23459;English;https://viaf.org/viaf/27084321/;female;1851;1920;short;1880-1899;ELTeC-eng;1895;;1895;Digital Library Program, Indiana University;;;;low;ENG18951;44;false;"COST Action ""Distant Reading for European Literary History"": https://distant-reading.net, https://github.com/COST-ELTeC/ELTeC"
ENG18952;Wells, Herbert George;The Time Machine: An Invention;1895;1895;;texts/ENG18952_Wells.xml;32495;English;https://viaf.org/viaf/97006424/;male;1866;1946;short;1880-1899;ELTeC-eng;1895;2000;1895;Chadwyck-Healey Ltd (A Bell & Howell Information and Learning company);;;;high;ENG18952;29;false;"COST Action ""Distant Reading for European Literary History"": https://distant-reading.net, https://github.com/COST-ELTeC/ELTeC"
ENG18953;MacDonald, George;"Lilith; A Romance";1895;1895;;texts/ENG18953_Macdonald.xml;93900;English;https://viaf.org/viaf/64008667/;male;1824;1905;medium;1880-1899;ELTeC-eng;1895;;;Grand Rapids, MI: Christian Classics Ethereal Library;;;;high;ENG18953;71;false;"COST Action ""Distant Reading for European Literary History"": https://distant-reading.net, https://github.com/COST-ELTeC/ELTeC"
ENG18954;Sharp, Evelyn;At the Relton Arms;1895;1895;;texts/ENG18954_Sharp.xml;36663;English;https://viaf.org/viaf/42106129/;female;1869;1955;short;1880-1899;ELTeC-eng;1895;;;;;;;low;ENG18954;26;false;"COST Action ""Distant Reading for European Literary History"": https://distant-reading.net, https://github.com/COST-ELTeC/ELTeC"
ENG18960;Malet, Lucas;The Carissima;1896;1896;;texts/ENG18960_Malet.xml;61640;English;https://viaf.org/viaf/9890134/;female;1852;1931;medium;1880-1899;ELTeC-eng;1896;;;Digital Library Program, Indiana University;;;;low;ENG18960;44;false;"COST Action ""Distant Reading for European Literary History"": https://distant-reading.net, https://github.com/COST-ELTeC/ELTeC"
ENG18961;Griffiths, Major Arthur George Frederick;The Rome Express;1896;1896;;texts/ENG18961_Griffiths.xml;35173;English;https://viaf.org/viaf/74223175/;male;1838;1908;short;1880-1899;ELTeC-eng;1896;;;;;;;low;ENG18961;58;false;"COST Action ""Distant Reading for European Literary History"": https://distant-reading.net, https://github.com/COST-ELTeC/ELTeC"
ENG18970;Phillpotts, Eden;Lying Prophets;1897;1897;;texts/ENG18970_Phillpots.xml;123119;English;https://viaf.org/viaf/56811483/;male;1862;1960;long;1900-1920;ELTeC-eng;1897;;1897;;;;;low;ENG18970;35;false;"COST Action ""Distant Reading for European Literary History"": https://distant-reading.net, https://github.com/COST-ELTeC/ELTeC"
ENG18972;Morris, William;The water of the wondrous isles;1897;1897;;texts/ENG18972_Morris.xml;147762;English;https://viaf.org/viaf/22146194/;male;1834;1896;long;1880-1899;ELTeC-eng;1897;;1914;;;;;low;ENG18972;;true;"COST Action ""Distant Reading for European Literary History"": https://distant-reading.net, https://github.com/COST-ELTeC/ELTeC"
ENG18973;Cholmondeley, Mary;A Devotee: An Episode in the Life of a Butterfly;1897;1897;;texts/ENG18973_Cholmondeley.xml;25890;English;https://viaf.org/viaf/40510526/;female;1859;1925;short;1880-1899;ELTeC-eng;1897;;;;;;;low;ENG18973;38;false;"COST Action ""Distant Reading for European Literary History"": https://distant-reading.net, https://github.com/COST-ELTeC/ELTeC"
ENG18980;Baring-Gould, Sabine;Domitia;1898;1898;;texts/ENG18980_BaringGould.xml;89901;English;https://viaf.org/viaf/66640079/;female;1834;1924;medium;1880-1899;ELTeC-eng;1898;;;;;;;low;ENG18980;64;false;"COST Action ""Distant Reading for European Literary History"": https://distant-reading.net, https://github.com/COST-ELTeC/ELTeC"
ENG19001;Glyn, Elinor;The Visits of Elizabeth;1900;1900;;texts/ENG19001_Glyn.xml;57168;English;https://viaf.org/viaf/59204544/;female;1864;1943;medium;1900-1920;ELTeC-eng;1900;;;;;;;low;ENG19001;36;false;"COST Action ""Distant Reading for European Literary History"": https://distant-reading.net, https://github.com/COST-ELTeC/ELTeC"
ENG19004;Fowler, Ellen Thorneycroft;The Farringdons;1900;1900;;texts/ENG19004_Fowler.xml;104660;English;https://viaf.org/viaf/72533655/;female;1860;1929;long;1900-1920;ELTeC-eng;1900;;1900;;;;;low;ENG19004;40;false;"COST Action ""Distant Reading for European Literary History"": https://distant-reading.net, https://github.com/COST-ELTeC/ELTeC"
ENG19005;Steel, Flora Annie;The Hosts of the Lord;1900;1900;;texts/ENG19005_Steel.xml;115902;English;https://viaf.org/viaf/211452326/;female;1847;1929;long;1900-1920;ELTeC-eng;1900;;;;;;;low;ENG19005;53;false;"COST Action ""Distant Reading for European Literary History"": https://distant-reading.net, https://github.com/COST-ELTeC/ELTeC"
ENG19010;Mason, Alfred Edward Woodley;Clementina;1901;1901;;texts/ENG19010_Mason.xml;89033;English;https://viaf.org/viaf/89734277/;male;1865;1948;medium;1900-1920;ELTeC-eng;1901;;1901;;;;;low;ENG19010;36;false;"COST Action ""Distant Reading for European Literary History"": https://distant-reading.net, https://github.com/COST-ELTeC/ELTeC"
ENG19011;Jerome, Jerome K.;The Observations of Henry;1901;1901;;texts/ENG19011_Jerome.xml;25232;English;https://viaf.org/viaf/12310310/;male;1859;1927;short;1900-1920;ELTeC-eng;1901;;1901;;;;;low;ENG19011;42;false;"COST Action ""Distant Reading for European Literary History"": https://distant-reading.net, https://github.com/COST-ELTeC/ELTeC"
ENG19020;Nesbit, Edith;The Red House;1902;1902;;texts/ENG19020_Nesbit.xml;56931;English;https://viaf.org/viaf/7394811/;female;1858;1924;medium;1900-1920;ELTeC-eng;1902;;;Digital Library Program, Indiana University;;;;low;ENG19020;44;false;"COST Action ""Distant Reading for European Literary History"": https://distant-reading.net, https://github.com/COST-ELTeC/ELTeC"
ENG19060;Nesbit, Edith;The Story of the Amulet;1906;1906;;texts/ENG19060_Nesbit.xml;68607;English;https://viaf.org/viaf/7394811/;female;1858;1924;medium;1900-1920;ELTeC-eng;1906;;;Digital Library Program, Indiana University;;;;high;ENG19060;48;false;"COST Action ""Distant Reading for European Literary History"": https://distant-reading.net, https://github.com/COST-ELTeC/ELTeC"
ENG19070;Machen, Arthur;The Hill of Dreams;1907;1907;;texts/ENG19070_Machen.xml;65739;English;https://viaf.org/viaf/2473758/;male;1863;1947;medium;1900-1920;ELTeC-eng;1907;;;;;;;low;ENG19070;44;false;"COST Action ""Distant Reading for European Literary History"": https://distant-reading.net, https://github.com/COST-ELTeC/ELTeC"
ENG19071;Silberrad, Una Lucy;The good comrade;1907;1907;;texts/ENG19071_Silberrad.xml;115274;English;https://viaf.org/viaf/4814869/;female;1872;1955;long;1900-1920;ELTeC-eng;1907;;;;;;;low;ENG19071;35;false;"COST Action ""Distant Reading for European Literary History"": https://distant-reading.net, https://github.com/COST-ELTeC/ELTeC"
ENG19080;Chesterton, Gilbert Keith;The man who was Thursday;1908;1908;;texts/ENG19080_Chesterton.xml;57988;English;https://viaf.org/viaf/14767719/;male;1874;1936;medium;1900-1920;ELTeC-eng;1908;;;Christian Classics Ethereal Library;;;;high;ENG19080;34;false;"COST Action ""Distant Reading for European Literary History"": https://distant-reading.net, https://github.com/COST-ELTeC/ELTeC"
ENG19090;Wells, Herbert George;Tono-bungay;1909;1909;;texts/ENG19090_Wells.xml;133529;English;https://viaf.org/viaf/97006424/;male;1866;1946;long;1900-1920;ELTeC-eng;1909;;;;;;;high;ENG19090;43;false;"COST Action ""Distant Reading for European Literary History"": https://distant-reading.net, https://github.com/COST-ELTeC/ELTeC"
ENG19091;Ward, Humphry;Daphne, or Marriage a la Mode;1909;1909;;texts/ENG19091_Ward.xml;64992;English;https://viaf.org/viaf/27084321/;female;1851;1920;medium;1900-1920;ELTeC-eng;1909;;;Digital Library Program, Indiana University;;;;low;ENG19091;58;false;"COST Action ""Distant Reading for European Literary History"": https://distant-reading.net, https://github.com/COST-ELTeC/ELTeC"
ENG19100;Forster, Edward Morgan;Howards End;1910;1910;;texts/ENG19100_Forster.xml;109810;English;https://viaf.org/viaf/31996364/;male;1879;1970;long;1900-1920;ELTeC-eng;1910;;1910;;;;;high;ENG19100;31;false;"COST Action ""Distant Reading for European Literary History"": https://distant-reading.net, https://github.com/COST-ELTeC/ELTeC"
ENG19111;Hornung, Ernest William;The Camera Fiend;1911;1911;;texts/ENG19111_Hornung.xml;71393;English;https://viaf.org/viaf/71409962/;male;1866;1921;medium;1900-1920;ELTeC-eng;1911;;;;;;;low;ENG19111;45;false;"COST Action ""Distant Reading for European Literary History"": https://distant-reading.net, https://github.com/COST-ELTeC/ELTeC"
ENG19120;Wells, Herbert George;Marriage;1912;1912;;texts/ENG19120_Wells.xml;146501;English;https://viaf.org/viaf/97006424/;male;1866;1946;long;1900-1920;ELTeC-eng;1912;;;;;;;low;ENG19120;46;false;"COST Action ""Distant Reading for European Literary History"": https://distant-reading.net, https://github.com/COST-ELTeC/ELTeC"
ENG19121;Belloc-Lowndes, Marie;The Chink in the Armour;1912;1912;;texts/ENG19121_Belloc.xml;87083;English;https://viaf.org/viaf/24729680/;female;1868;1947;medium;1900-1920;ELTeC-eng;1912;;;;;;;low;ENG19121;44;false;"COST Action ""Distant Reading for European Literary History"": https://distant-reading.net, https://github.com/COST-ELTeC/ELTeC"
ENG19150;Buchan, John;The Thirty-nine Steps;1915;1915;;texts/ENG19150_Buchan.xml;40892;English;https://viaf.org/viaf/66464527/;male;1875;1940;short;1900-1920;ELTeC-eng;1915;;1915;;;;;high;ENG19150;40;false;"COST Action ""Distant Reading for European Literary History"": https://distant-reading.net, https://github.com/COST-ELTeC/ELTeC"
ENG19170;Conrad, Joseph;The shadow-line: ELTec edition;1917;1917;;texts/ENG19170_Conrad.xml;39758;English;https://viaf.org/viaf/73862853/;male;1857;1924;short;1900-1920;ELTeC-eng;1917;;;;;;;high;ENG19170;60;false;"COST Action ""Distant Reading for European Literary History"": https://distant-reading.net, https://github.com/COST-ELTeC/ELTeC"
ENG19180;Lewis, Percy Wyndham;Tarr;1918;1918;;texts/ENG19180_Lewis.xml;99954;English;https://viaf.org/viaf/41843119/;male;1882;1957;medium;1900-1920;ELTeC-eng;1918;;;;;;;high;ENG19180;36;false;"COST Action ""Distant Reading for European Literary History"": https://distant-reading.net, https://github.com/COST-ELTeC/ELTeC"
ENG19181;West, Rebecca;The Return of the Soldier;1918;1918;West, Rebecca [pseud. Cicily Isabel Fairfield] ;texts/ENG19181_West.xml;29513;English;http://viaf.org/viaf/108321467;female;1892;1983;short;1900-1920;ELTeC-eng;1918;;;;;;;low;ENG19181;26;false;"COST Action ""Distant Reading for European Literary History"": https://distant-reading.net, https://github.com/COST-ELTeC/ELTeC"
ENG19190;Benson, Stella;Living Alone;1919;1919;;texts/ENG19190_Benson.xml;43395;English;https://viaf.org/viaf/90724564/;female;1892;1933;short;1900-1920;ELTeC-eng;1919;;1920;;;;;low;ENG19190;27;false;"COST Action ""Distant Reading for European Literary History"": https://distant-reading.net, https://github.com/COST-ELTeC/ELTeC"
ENG19191;Hamilton, Cicely;William — an Englishman;1919;1919;;texts/ENG19191_Hamilton.xml;61377;English;https://viaf.org/viaf/54947993/;female;1872;1952;medium;1900-1920;ELTeC-eng;1919;;;;;;;low;ENG19191;47;false;"COST Action ""Distant Reading for European Literary History"": https://distant-reading.net, https://github.com/COST-ELTeC/ELTeC"
ENG19192;Woolf, Virginia;Night and day;1919;1919;;texts/ENG19192_Woolf.xml;166198;English;https://viaf.org/viaf/39385478/;female;1882;1941;long;1900-1920;ELTeC-eng;1919;;;;;;;high;ENG19192;37;false;"COST Action ""Distant Reading for European Literary History"": https://distant-reading.net, https://github.com/COST-ELTeC/ELTeC"
ENG19200;Lawrence, David Herbert;Women in love;1920;1920;;texts/ENG19200_Lawrence.xml;180153;English;https://viaf.org/viaf/95150359/;male;1885;1930;long;1900-1920;ELTeC-eng;1920;;1921;;;;;high;ENG19200;35;false;"COST Action ""Distant Reading for European Literary History"": https://distant-reading.net, https://github.com/COST-ELTeC/ELTeC"
ENG19201;Arlen, Michael;The London venture;1919;1919;Arlen, Michael [pseud.] ;texts/ENG19201_Arlen.xml;33085;English;https://viaf.org/viaf/19715803/;male;1895;1956;short;1900-1920;ELTeC-eng;1919;;1920;;;;;low;ENG19201;24;false;"COST Action ""Distant Reading for European Literary History"": https://distant-reading.net, https://github.com/COST-ELTeC/ELTeC"
